trial,ts_iso,compute_s,auth_s,cpu_percent,mem_percent
1,2025-10-21T15:33:08,0.001377,0.020296,12.5,43.0
2,2025-10-21T15:33:08,0.001036,0.018224,6.2,43.0
3,2025-10-21T15:33:08,0.001282,0.019127,6.2,43.0
4,2025-10-21T15:33:08,0.001058,0.018847,23.3,43.0
5,2025-10-21T15:33:08,0.001011,0.02005,11.1,43.0
6,2025-10-21T15:33:08,0.001042,0.019516,35.3,43.0
7,2025-10-21T15:33:08,0.00113,0.019422,18.2,43.0
8,2025-10-21T15:33:08,0.00112,0.020125,75.0,43.0
9,2025-10-21T15:33:08,0.001076,0.019927,25.0,43.0
10,2025-10-21T15:33:08,0.00112,0.018956,18.8,43.0
11,2025-10-21T15:33:08,0.000949,0.018168,6.2,43.0
12,2025-10-21T15:33:08,0.001052,0.019254,12.5,43.0
13,2025-10-21T15:33:08,0.001221,0.018971,31.2,43.0
14,2025-10-21T15:33:08,0.001087,0.020139,12.5,43.0
15,2025-10-21T15:33:08,0.00139,0.019923,25.0,43.0
16,2025-10-21T15:33:09,0.001205,0.020227,29.0,43.0
17,2025-10-21T15:33:09,0.000915,0.019784,5.9,43.0
18,2025-10-21T15:33:09,0.00095,0.019582,43.8,43.0
19,2025-10-21T15:33:09,0.001274,0.019664,17.6,43.0
20,2025-10-21T15:33:09,0.001225,0.020155,43.8,43.0
21,2025-10-21T15:33:09,0.001205,0.018764,18.8,43.0
22,2025-10-21T15:33:09,0.001105,0.020898,12.5,43.0
23,2025-10-21T15:33:09,0.001118,0.020413,18.8,43.0
24,2025-10-21T15:33:09,0.001499,0.021681,34.4,43.0
25,2025-10-21T15:33:09,0.000932,0.020807,25.0,43.0
26,2025-10-21T15:33:09,0.001068,0.020054,18.8,43.0
27,2025-10-21T15:33:09,0.001334,0.018908,17.6,43.0
28,2025-10-21T15:33:09,0.001009,0.019008,25.0,43.0
29,2025-10-21T15:33:09,0.001039,0.020393,25.0,43.0
30,2025-10-21T15:33:09,0.001173,0.018751,25.0,43.0
31,2025-10-21T15:33:09,0.001137,0.020263,25.0,43.0
32,2025-10-21T15:33:09,0.001235,0.019755,60.6,43.0
33,2025-10-21T15:33:09,0.001059,0.019324,12.5,43.0
34,2025-10-21T15:33:09,0.001108,0.019617,50.0,43.0
35,2025-10-21T15:33:09,0.001112,0.019846,18.8,43.0
36,2025-10-21T15:33:09,0.001269,0.018322,12.5,43.0
37,2025-10-21T15:33:09,0.001071,0.018994,31.2,43.0
38,2025-10-21T15:33:09,0.001396,0.019268,61.8,43.0
39,2025-10-21T15:33:09,0.001002,0.018174,43.8,43.0
40,2025-10-21T15:33:09,0.001208,0.019058,12.5,43.0
41,2025-10-21T15:33:09,0.001433,0.018684,23.5,43.0
42,2025-10-21T15:33:09,0.000962,0.018507,12.5,43.0
43,2025-10-21T15:33:09,0.001236,0.017728,31.2,43.0
44,2025-10-21T15:33:09,0.001393,0.020504,46.9,43.0
45,2025-10-21T15:33:09,0.001001,0.02002,18.8,43.0
46,2025-10-21T15:33:09,0.001556,0.02,25.0,43.0
47,2025-10-21T15:33:09,0.001168,0.019039,15.6,43.0
48,2025-10-21T15:33:09,0.001278,0.020244,43.8,43.0
49,2025-10-21T15:33:09,0.001051,0.019055,37.5,43.0
50,2025-10-21T15:33:09,0.001209,0.01896,36.4,43.0
51,2025-10-21T15:33:09,0.001179,0.019833,6.2,43.0
52,2025-10-21T15:33:09,0.001333,0.019404,37.5,43.0
53,2025-10-21T15:33:09,0.001096,0.018304,59.4,43.0
54,2025-10-21T15:33:09,0.000966,0.019995,12.5,43.0
55,2025-10-21T15:33:09,0.001161,0.019341,37.5,43.0
56,2025-10-21T15:33:09,0.001053,0.019885,63.6,43.0
57,2025-10-21T15:33:09,0.001103,0.018097,17.6,43.0
58,2025-10-21T15:33:09,0.001297,0.018874,25.0,43.0
59,2025-10-21T15:33:09,0.001303,0.023093,48.5,43.0
60,2025-10-21T15:33:09,0.001191,0.019594,12.5,43.0
61,2025-10-21T15:33:09,0.000982,0.019988,18.8,43.0
62,2025-10-21T15:33:09,0.001348,0.019076,70.6,43.0
63,2025-10-21T15:33:09,0.001008,0.018824,25.0,43.0
64,2025-10-21T15:33:10,0.001029,0.020412,42.4,43.0
65,2025-10-21T15:33:10,0.001029,0.018917,6.2,43.0
66,2025-10-21T15:33:10,0.001179,0.019765,6.2,43.0
67,2025-10-21T15:33:10,0.001185,0.019591,28.1,43.0
68,2025-10-21T15:33:10,0.000966,0.0189,6.2,43.0
69,2025-10-21T15:33:10,0.001236,0.020776,47.1,43.0
70,2025-10-21T15:33:10,0.001166,0.020417,75.8,43.0
71,2025-10-21T15:33:10,0.001167,0.021232,18.8,43.0
72,2025-10-21T15:33:10,0.001436,0.020296,46.9,43.0
73,2025-10-21T15:33:10,0.001279,0.020611,12.5,43.0
74,2025-10-21T15:33:10,0.000971,0.018985,62.5,43.0
75,2025-10-21T15:33:10,0.00102,0.018658,48.4,43.0
76,2025-10-21T15:33:10,0.001434,0.019137,5.9,43.0
77,2025-10-21T15:33:10,0.001066,0.018705,6.2,43.0
78,2025-10-21T15:33:10,0.0012,0.018767,34.4,43.0
79,2025-10-21T15:33:10,0.001079,0.01963,37.5,43.0
80,2025-10-21T15:33:10,0.001016,0.020286,6.2,43.0
81,2025-10-21T15:33:10,0.001056,0.019738,56.2,43.0
82,2025-10-21T15:33:10,0.000972,0.019534,18.8,43.0
83,2025-10-21T15:33:10,0.001132,0.020644,82.6,43.0
84,2025-10-21T15:33:10,0.001155,0.020558,16.0,43.0
85,2025-10-21T15:33:10,0.000972,0.018597,56.2,43.0
86,2025-10-21T15:33:10,0.001139,0.019554,69.7,43.0
87,2025-10-21T15:33:10,0.001043,0.019576,31.2,43.0
88,2025-10-21T15:33:10,0.001101,0.019136,12.5,43.0
89,2025-10-21T15:33:10,0.00122,0.019207,18.8,43.0
90,2025-10-21T15:33:10,0.001262,0.020361,50.0,43.1
91,2025-10-21T15:33:10,0.001226,0.019317,6.2,43.0
92,2025-10-21T15:33:10,0.001126,0.019632,21.9,43.1
93,2025-10-21T15:33:10,0.001338,0.01944,56.2,43.0
94,2025-10-21T15:33:10,0.001071,0.021081,43.8,43.0
95,2025-10-21T15:33:10,0.001061,0.018667,39.4,43.0
96,2025-10-21T15:33:10,0.001051,0.018077,18.8,43.0
97,2025-10-21T15:33:10,0.000998,0.018869,62.5,43.0
98,2025-10-21T15:33:10,0.001038,0.01923,25.8,43.0
99,2025-10-21T15:33:10,0.002746,0.024768,52.9,43.0
100,2025-10-21T15:33:10,0.00109,0.018449,31.2,43.0
101,2025-10-21T15:33:10,0.001069,0.018859,31.2,43.0
102,2025-10-21T15:33:10,0.001302,0.020023,50.0,43.0
103,2025-10-21T15:33:10,0.001502,0.01961,34.4,43.0
104,2025-10-21T15:33:10,0.00142,0.018665,18.8,43.0
105,2025-10-21T15:33:10,0.001077,0.018789,23.5,43.0
106,2025-10-21T15:33:10,0.00126,0.018498,23.3,43.0
107,2025-10-21T15:33:10,0.001202,0.019112,38.9,43.0
108,2025-10-21T15:33:10,0.001135,0.019833,62.5,43.0
109,2025-10-21T15:33:10,0.001117,0.019825,31.2,43.0
110,2025-10-21T15:33:10,0.001092,0.019076,18.8,43.0
111,2025-10-21T15:33:11,0.001002,0.018864,23.5,43.0
112,2025-10-21T15:33:11,0.001222,0.019516,36.4,43.0
113,2025-10-21T15:33:11,0.001016,0.019495,12.5,43.0
114,2025-10-21T15:33:11,0.001234,0.018414,12.5,43.0
115,2025-10-21T15:33:11,0.001018,0.018773,33.3,43.0
116,2025-10-21T15:33:11,0.00098,0.019257,68.4,43.0
117,2025-10-21T15:33:11,0.001078,0.019582,12.5,43.0
118,2025-10-21T15:33:11,0.001019,0.020222,59.4,43.0
119,2025-10-21T15:33:11,0.00119,0.021077,25.0,43.0
120,2025-10-21T15:33:11,0.001499,0.02518,46.9,43.0
121,2025-10-21T15:33:11,0.000902,0.024111,52.9,43.0
122,2025-10-21T15:33:11,0.001201,0.021191,62.5,43.0
123,2025-10-21T15:33:11,0.000834,0.019343,6.2,43.0
124,2025-10-21T15:33:11,0.001103,0.017339,52.9,43.0
125,2025-10-21T15:33:11,0.001123,0.019199,69.7,43.0
126,2025-10-21T15:33:11,0.001061,0.020049,37.5,43.0
127,2025-10-21T15:33:11,0.001107,0.020129,100.0,43.1
128,2025-10-21T15:33:11,0.001141,0.019713,12.5,43.0
129,2025-10-21T15:33:11,0.001018,0.019645,37.5,43.1
130,2025-10-21T15:33:11,0.001072,0.019053,48.4,43.1
131,2025-10-21T15:33:11,0.001275,0.02029,58.8,43.1
132,2025-10-21T15:33:11,0.001019,0.020361,68.8,43.1
133,2025-10-21T15:33:11,0.001455,0.019113,36.4,43.1
134,2025-10-21T15:33:11,0.001168,0.019048,25.0,43.1
135,2025-10-21T15:33:11,0.001156,0.020076,23.5,43.1
136,2025-10-21T15:33:11,0.000981,0.019406,37.5,43.1
137,2025-10-21T15:33:11,0.001103,0.018585,5.9,43.1
138,2025-10-21T15:33:11,0.001482,0.019082,41.2,43.1
139,2025-10-21T15:33:11,0.001384,0.02022,32.3,43.1
140,2025-10-21T15:33:11,0.001462,0.019162,72.2,43.1
141,2025-10-21T15:33:11,0.000944,0.017452,6.2,43.1
142,2025-10-21T15:33:11,0.001331,0.020751,60.6,43.1
143,2025-10-21T15:33:11,0.001234,0.019547,6.2,43.1
144,2025-10-21T15:33:11,0.001055,0.017948,6.2,43.1
145,2025-10-21T15:33:11,0.001589,0.019592,40.6,43.0
146,2025-10-21T15:33:11,0.00095,0.019788,6.7,43.0
147,2025-10-21T15:33:11,0.001396,0.019534,23.5,43.1
148,2025-10-21T15:33:11,0.000964,0.019842,9.7,43.1
149,2025-10-21T15:33:11,0.001379,0.017915,17.6,43.0
150,2025-10-21T15:33:11,0.001293,0.018817,18.8,43.1
151,2025-10-21T15:33:11,0.001078,0.018992,37.5,43.1
152,2025-10-21T15:33:11,0.001204,0.019576,18.8,43.0
153,2025-10-21T15:33:11,0.001252,0.020107,18.8,43.1
154,2025-10-21T15:33:11,0.001251,0.020732,6.2,43.0
155,2025-10-21T15:33:11,0.000901,0.019654,37.5,43.0
156,2025-10-21T15:33:11,0.00145,0.018483,50.0,43.1
157,2025-10-21T15:33:11,0.001119,0.018885,56.7,43.1
158,2025-10-21T15:33:12,0.001331,0.018284,5.6,43.1
159,2025-10-21T15:33:12,0.001145,0.019672,6.2,43.1
160,2025-10-21T15:33:12,0.000935,0.019348,12.5,43.1
161,2025-10-21T15:33:12,0.00101,0.019384,31.2,43.1
162,2025-10-21T15:33:12,0.001101,0.018406,31.2,43.1
163,2025-10-21T15:33:12,0.001306,0.019086,18.8,43.1
164,2025-10-21T15:33:12,0.001272,0.018372,6.2,43.1
165,2025-10-21T15:33:12,0.001237,0.017951,52.9,43.1
166,2025-10-21T15:33:12,0.001124,0.022201,43.8,43.1
167,2025-10-21T15:33:12,0.001118,0.019695,25.0,43.1
168,2025-10-21T15:33:12,0.001363,0.020153,35.3,43.1
169,2025-10-21T15:33:12,0.001328,0.019529,50.0,43.1
170,2025-10-21T15:33:12,0.001002,0.019806,43.8,43.1
171,2025-10-21T15:33:12,0.0011,0.019897,33.3,43.1
172,2025-10-21T15:33:12,0.001113,0.0187,4.5,43.1
173,2025-10-21T15:33:12,0.000949,0.019178,29.4,43.1
174,2025-10-21T15:33:12,0.001343,0.020295,13.6,43.1
175,2025-10-21T15:33:12,0.00108,0.019227,26.9,43.1
176,2025-10-21T15:33:12,0.001296,0.022158,6.2,43.1
177,2025-10-21T15:33:12,0.00131,0.021626,24.2,43.1
178,2025-10-21T15:33:12,0.001009,0.018034,6.2,43.1
179,2025-10-21T15:33:12,0.001432,0.019364,6.2,43.1
180,2025-10-21T15:33:12,0.001088,0.018162,42.4,43.1
181,2025-10-21T15:33:12,0.001208,0.018077,12.5,43.1
182,2025-10-21T15:33:12,0.001186,0.018681,18.8,43.1
183,2025-10-21T15:33:12,0.00141,0.018496,25.0,43.1
184,2025-10-21T15:33:12,0.001067,0.021455,8.3,43.1
185,2025-10-21T15:33:12,0.001032,0.018996,12.5,43.1
186,2025-10-21T15:33:12,0.001137,0.018418,23.3,43.1
187,2025-10-21T15:33:12,0.001322,0.018543,11.1,43.1
188,2025-10-21T15:33:12,0.001009,0.018121,12.5,43.1
189,2025-10-21T15:33:12,0.001056,0.018815,37.5,43.1
190,2025-10-21T15:33:12,0.001327,0.019524,44.1,43.1
191,2025-10-21T15:33:12,0.001016,0.019864,56.2,43.1
192,2025-10-21T15:33:12,0.001137,0.020766,23.1,43.1
193,2025-10-21T15:33:12,0.001016,0.01922,9.1,43.1
194,2025-10-21T15:33:12,0.001149,0.01954,23.5,43.1
195,2025-10-21T15:33:12,0.001052,0.018162,37.5,43.0
196,2025-10-21T15:33:12,0.001202,0.018321,46.9,43.0
197,2025-10-21T15:33:12,0.001207,0.019479,25.0,43.1
198,2025-10-21T15:33:12,0.001026,0.019029,56.2,43.1
199,2025-10-21T15:33:12,0.001017,0.021109,28.1,43.0
200,2025-10-21T15:33:12,0.001072,0.019443,50.0,43.1
201,2025-10-21T15:33:12,0.00093,0.020446,45.2,43.1
202,2025-10-21T15:33:12,0.001008,0.018601,5.9,43.0
203,2025-10-21T15:33:12,0.000983,0.018652,47.1,43.1
204,2025-10-21T15:33:12,0.001418,0.018963,43.8,43.1
205,2025-10-21T15:33:12,0.000938,0.018156,37.5,43.1
206,2025-10-21T15:33:13,0.001068,0.018286,12.5,43.0
207,2025-10-21T15:33:13,0.001381,0.018653,12.5,43.1
208,2025-10-21T15:33:13,0.001267,0.0189,24.1,43.1
209,2025-10-21T15:33:13,0.001041,0.019749,15.8,43.1
210,2025-10-21T15:33:13,0.001215,0.020304,12.5,43.1
211,2025-10-21T15:33:13,0.001228,0.017837,46.2,43.1
212,2025-10-21T15:33:13,0.000974,0.018045,14.3,43.1
213,2025-10-21T15:33:13,0.001105,0.019841,5.9,43.1
214,2025-10-21T15:33:13,0.001048,0.019103,37.5,43.1
215,2025-10-21T15:33:13,0.001454,0.019886,66.7,43.1
216,2025-10-21T15:33:13,0.001159,0.018325,31.2,43.1
217,2025-10-21T15:33:13,0.001053,0.018397,31.2,43.1
218,2025-10-21T15:33:13,0.001195,0.018975,9.4,43.1
219,2025-10-21T15:33:13,0.001066,0.018316,6.2,43.1
220,2025-10-21T15:33:13,0.001051,0.026817,88.6,43.1
221,2025-10-21T15:33:13,0.000831,0.018442,50.0,43.0
222,2025-10-21T15:33:13,0.001007,0.017361,6.7,43.0
223,2025-10-21T15:33:13,0.001198,0.018745,39.1,43.1
224,2025-10-21T15:33:13,0.001256,0.018199,3.8,43.1
225,2025-10-21T15:33:13,0.000971,0.018738,31.2,43.1
226,2025-10-21T15:33:13,0.000995,0.018877,6.2,43.1
227,2025-10-21T15:33:13,0.00118,0.020229,27.3,43.1
228,2025-10-21T15:33:13,0.000974,0.021336,37.5,43.1
229,2025-10-21T15:33:13,0.001111,0.020099,17.2,43.1
230,2025-10-21T15:33:13,0.00109,0.020515,42.1,43.1
231,2025-10-21T15:33:13,0.000986,0.018143,18.8,43.1
232,2025-10-21T15:33:13,0.001065,0.018001,18.8,43.1
233,2025-10-21T15:33:13,0.00109,0.017742,32.3,43.1
234,2025-10-21T15:33:13,0.001187,0.018541,23.5,43.1
235,2025-10-21T15:33:13,0.000942,0.018012,6.2,43.1
236,2025-10-21T15:33:13,0.001155,0.019492,46.4,43.1
237,2025-10-21T15:33:13,0.001211,0.019535,22.7,43.1
238,2025-10-21T15:33:13,0.001289,0.018231,31.2,43.1
239,2025-10-21T15:33:13,0.001091,0.019592,30.3,43.1
240,2025-10-21T15:33:13,0.001051,0.018876,12.5,43.1
241,2025-10-21T15:33:13,0.000957,0.01738,31.2,43.1
242,2025-10-21T15:33:13,0.001244,0.017868,6.2,43.1
243,2025-10-21T15:33:13,0.001228,0.018708,21.9,43.1
244,2025-10-21T15:33:13,0.001093,0.018454,18.8,43.1
245,2025-10-21T15:33:13,0.001154,0.01928,66.7,43.1
246,2025-10-21T15:33:13,0.001492,0.020324,31.2,43.1
247,2025-10-21T15:33:13,0.001029,0.019219,17.6,43.1
248,2025-10-21T15:33:13,0.001019,0.018671,18.8,43.1
249,2025-10-21T15:33:13,0.001375,0.018952,20.0,43.1
250,2025-10-21T15:33:13,0.001146,0.019197,52.2,43.1
251,2025-10-21T15:33:13,0.001333,0.018009,6.2,43.1
252,2025-10-21T15:33:13,0.001078,0.01794,43.8,43.1
253,2025-10-21T15:33:13,0.001152,0.018942,13.8,43.1
254,2025-10-21T15:33:13,0.000965,0.018791,5.3,43.1
255,2025-10-21T15:33:14,0.001251,0.018588,6.7,43.1
256,2025-10-21T15:33:14,0.001051,0.017732,41.2,43.1
257,2025-10-21T15:33:14,0.001105,0.017252,25.0,43.1
258,2025-10-21T15:33:14,0.000997,0.01868,12.5,43.1
259,2025-10-21T15:33:14,0.001163,0.017393,31.2,43.1
260,2025-10-21T15:33:14,0.001302,0.018334,12.5,43.1
261,2025-10-21T15:33:14,0.001181,0.018814,66.7,43.1
262,2025-10-21T15:33:14,0.001041,0.018297,16.7,43.1
263,2025-10-21T15:33:14,0.00138,0.018841,23.5,43.1
264,2025-10-21T15:33:14,0.001355,0.021162,37.5,43.1
265,2025-10-21T15:33:14,0.001071,0.020388,17.6,43.1
266,2025-10-21T15:33:14,0.001488,0.020165,50.0,43.1
267,2025-10-21T15:33:14,0.001079,0.019874,12.5,43.1
268,2025-10-21T15:33:14,0.001133,0.01815,18.8,43.1
269,2025-10-21T15:33:14,0.000989,0.018407,24.0,43.1
270,2025-10-21T15:33:14,0.001005,0.018361,17.4,43.1
271,2025-10-21T15:33:14,0.000899,0.017326,11.8,43.1
272,2025-10-21T15:33:14,0.000985,0.01818,41.2,43.1
273,2025-10-21T15:33:14,0.001263,0.019541,33.3,43.1
274,2025-10-21T15:33:14,0.000987,0.018655,4.8,43.1
275,2025-10-21T15:33:14,0.000905,0.018915,6.2,43.1
276,2025-10-21T15:33:14,0.001247,0.018791,41.2,43.1
277,2025-10-21T15:33:14,0.001071,0.018136,50.0,43.1
278,2025-10-21T15:33:14,0.001101,0.019,12.5,43.1
279,2025-10-21T15:33:14,0.001425,0.018516,25.0,43.1
280,2025-10-21T15:33:14,0.001074,0.017653,28.6,43.1
281,2025-10-21T15:33:14,0.001,0.017898,14.3,43.1
282,2025-10-21T15:33:14,0.001005,0.018249,12.5,43.1
283,2025-10-21T15:33:14,0.001318,0.01866,47.1,43.1
284,2025-10-21T15:33:14,0.001233,0.019348,32.3,43.1
285,2025-10-21T15:33:14,0.001059,0.018875,23.5,43.1
286,2025-10-21T15:33:14,0.00116,0.018615,43.8,43.1
287,2025-10-21T15:33:14,0.001043,0.01791,37.5,43.1
288,2025-10-21T15:33:14,0.001252,0.017568,54.5,43.1
289,2025-10-21T15:33:14,0.000952,0.01797,25.0,43.1
290,2025-10-21T15:33:14,0.001167,0.01791,56.2,43.1
291,2025-10-21T15:33:14,0.001138,0.017653,100.0,43.1
292,2025-10-21T15:33:14,0.001118,0.01802,41.9,43.1
293,2025-10-21T15:33:14,0.001091,0.017994,5.9,43.1
294,2025-10-21T15:33:14,0.001049,0.018912,88.2,43.1
295,2025-10-21T15:33:14,0.001417,0.018979,43.8,43.1
296,2025-10-21T15:33:14,0.001203,0.019408,12.1,43.1
297,2025-10-21T15:33:14,0.001068,0.018728,6.2,43.1
298,2025-10-21T15:33:14,0.001159,0.018983,50.0,43.1
299,2025-10-21T15:33:14,0.001054,0.017389,78.1,43.1
300,2025-10-21T15:33:14,0.001082,0.018881,43.8,43.1
1,2026-02-18T06:46:52,0.00097,0.024086,18.5,47.3
2,2026-02-18T06:46:52,0.001077,0.02201,25.0,47.3
3,2026-02-18T06:46:52,0.001014,0.021793,6.2,47.4
4,2026-02-18T06:46:52,0.001303,0.021063,35.5,47.4
5,2026-02-18T06:46:52,0.000982,0.021855,11.8,47.4
6,2026-02-18T06:46:53,0.000997,0.022949,21.9,47.4
7,2026-02-18T06:46:53,0.000936,0.022452,12.5,47.4
8,2026-02-18T06:46:53,0.001017,0.021981,15.6,47.4
9,2026-02-18T06:46:53,0.000966,0.021029,6.2,47.3
10,2026-02-18T06:46:53,0.000963,0.022212,6.5,47.3
11,2026-02-18T06:46:53,0.000901,0.020658,5.9,47.3
12,2026-02-18T06:46:53,0.000981,0.020722,6.2,47.4
13,2026-02-18T06:46:53,0.000999,0.020626,9.1,47.3
14,2026-02-18T06:46:53,0.001029,0.021658,6.2,47.3
15,2026-02-18T06:46:53,0.000908,0.022938,28.1,47.4
16,2026-02-18T06:46:53,0.001343,0.02151,6.2,47.4
17,2026-02-18T06:46:53,0.000933,0.022069,24.2,47.4
18,2026-02-18T06:46:53,0.000956,0.02081,6.2,47.3
19,2026-02-18T06:46:53,0.001164,0.022968,21.2,47.3
20,2026-02-18T06:46:53,0.000907,0.021755,23.5,47.3
21,2026-02-18T06:46:53,0.001098,0.022684,18.8,47.4
22,2026-02-18T06:46:53,0.001097,0.023115,12.5,47.4
23,2026-02-18T06:46:53,0.001077,0.022689,18.2,47.4
24,2026-02-18T06:46:53,0.001321,0.022057,18.8,47.4
25,2026-02-18T06:46:53,0.000877,0.020926,24.2,47.4
26,2026-02-18T06:46:53,0.000902,0.021493,6.2,47.3
27,2026-02-18T06:46:53,0.00102,0.02149,18.8,47.3
28,2026-02-18T06:46:53,0.001225,0.022961,23.5,47.4
29,2026-02-18T06:46:53,0.001032,0.022558,39.4,47.4
30,2026-02-18T06:46:53,0.001081,0.021192,12.5,47.4
31,2026-02-18T06:46:53,0.001086,0.020592,25.0,47.3
32,2026-02-18T06:46:53,0.000925,0.022271,12.5,47.3
33,2026-02-18T06:46:53,0.000948,0.021151,6.2,47.3
34,2026-02-18T06:46:53,0.001049,0.02119,6.2,47.3
35,2026-02-18T06:46:53,0.001,0.020914,22.2,47.3
36,2026-02-18T06:46:53,0.001033,0.020683,22.6,47.4
37,2026-02-18T06:46:53,0.001019,0.02082,12.5,47.4
38,2026-02-18T06:46:53,0.000936,0.022007,9.4,47.3
39,2026-02-18T06:46:53,0.001231,0.021546,6.2,47.3
40,2026-02-18T06:46:53,0.000933,0.022004,15.6,47.3
41,2026-02-18T06:46:53,0.001064,0.020991,18.8,47.3
42,2026-02-18T06:46:53,0.00097,0.021508,15.2,47.4
43,2026-02-18T06:46:53,0.000892,0.021644,17.6,47.4
44,2026-02-18T06:46:53,0.001009,0.021593,12.9,47.4
45,2026-02-18T06:46:53,0.000953,0.021498,5.9,47.3
46,2026-02-18T06:46:53,0.000989,0.0224,34.4,47.4
47,2026-02-18T06:46:53,0.00097,0.023131,17.6,47.4
48,2026-02-18T06:46:53,0.001017,0.021662,25.0,47.4
49,2026-02-18T06:46:53,0.000942,0.023201,31.2,47.4
50,2026-02-18T06:46:54,0.001038,0.021755,21.9,47.4
51,2026-02-18T06:46:54,0.000948,0.023932,75.0,47.4
52,2026-02-18T06:46:54,0.000949,0.021353,18.8,47.4
53,2026-02-18T06:46:54,0.000988,0.021556,12.5,47.3
54,2026-02-18T06:46:54,0.000915,0.020964,9.4,47.3
55,2026-02-18T06:46:54,0.000893,0.021795,6.2,47.3
56,2026-02-18T06:46:54,0.000943,0.021112,20.0,47.3
57,2026-02-18T06:46:54,0.001098,0.021059,4.3,47.3
58,2026-02-18T06:46:54,0.000946,0.020559,12.5,47.4
59,2026-02-18T06:46:54,0.000868,0.021454,12.5,47.3
60,2026-02-18T06:46:54,0.00098,0.022393,12.5,47.3
61,2026-02-18T06:46:54,0.001138,0.021099,12.5,47.3
62,2026-02-18T06:46:54,0.001013,0.021302,6.2,47.3
63,2026-02-18T06:46:54,0.000836,0.021025,12.5,47.3
64,2026-02-18T06:46:54,0.001046,0.021717,6.2,47.4
65,2026-02-18T06:46:54,0.001062,0.021867,31.2,47.3
66,2026-02-18T06:46:54,0.001006,0.021362,12.5,47.3
67,2026-02-18T06:46:54,0.000952,0.023085,21.2,47.4
68,2026-02-18T06:46:54,0.001015,0.021893,12.5,47.3
69,2026-02-18T06:46:54,0.000991,0.022752,42.4,47.4
70,2026-02-18T06:46:54,0.001245,0.021378,12.5,47.4
71,2026-02-18T06:46:54,0.000973,0.023143,26.5,47.3
72,2026-02-18T06:46:54,0.001007,0.022247,12.5,47.3
73,2026-02-18T06:46:54,0.00105,0.022013,15.6,47.3
74,2026-02-18T06:46:54,0.00106,0.021423,18.8,47.3
75,2026-02-18T06:46:54,0.000873,0.021399,9.4,47.3
76,2026-02-18T06:46:54,0.001115,0.021102,6.2,47.3
77,2026-02-18T06:46:54,0.00089,0.021335,23.1,47.3
78,2026-02-18T06:46:54,0.000846,0.020451,4.5,47.3
79,2026-02-18T06:46:54,0.000804,0.020789,6.2,47.3
80,2026-02-18T06:46:54,0.001025,0.022183,6.2,47.3
81,2026-02-18T06:46:54,0.001006,0.02145,6.2,47.3
82,2026-02-18T06:46:54,0.000839,0.020779,21.9,47.3
83,2026-02-18T06:46:54,0.000957,0.021335,12.5,47.3
84,2026-02-18T06:46:54,0.001132,0.021691,15.6,47.4
85,2026-02-18T06:46:54,0.000904,0.021938,6.2,47.3
86,2026-02-18T06:46:54,0.000823,0.020848,17.2,47.4
87,2026-02-18T06:46:54,0.000881,0.020724,5.3,47.3
88,2026-02-18T06:46:54,0.000857,0.020759,6.2,47.3
89,2026-02-18T06:46:54,0.000961,0.021571,12.5,47.3
90,2026-02-18T06:46:54,0.000987,0.022659,23.5,47.3
91,2026-02-18T06:46:54,0.000939,0.021224,12.1,47.3
92,2026-02-18T06:46:54,0.001153,0.021418,12.5,47.3
93,2026-02-18T06:46:55,0.000843,0.021137,15.6,47.4
94,2026-02-18T06:46:55,0.000951,0.023374,12.5,47.3
95,2026-02-18T06:46:55,0.000915,0.022256,33.3,47.3
96,2026-02-18T06:46:55,0.00093,0.021876,12.5,47.3
97,2026-02-18T06:46:55,0.000935,0.021893,18.8,47.3
98,2026-02-18T06:46:55,0.000972,0.022089,6.2,47.3
99,2026-02-18T06:46:55,0.000849,0.020563,6.5,47.3
100,2026-02-18T06:46:55,0.000886,0.020868,5.9,47.3
101,2026-02-18T06:46:55,0.001026,0.020909,6.2,47.3
102,2026-02-18T06:46:55,0.000909,0.020663,53.1,47.3
103,2026-02-18T06:46:55,0.000995,0.020542,6.2,47.4
104,2026-02-18T06:46:55,0.000965,0.021154,15.6,47.4
105,2026-02-18T06:46:55,0.000966,0.021028,6.2,47.3
106,2026-02-18T06:46:55,0.000862,0.020522,25.0,47.3
107,2026-02-18T06:46:55,0.000884,0.02065,4.2,47.3
108,2026-02-18T06:46:55,0.000835,0.020702,6.2,47.3
109,2026-02-18T06:46:55,0.000937,0.027738,50.0,47.4
110,2026-02-18T06:46:55,0.001764,0.021837,18.8,47.3
111,2026-02-18T06:46:55,0.001016,0.020903,6.2,47.3
112,2026-02-18T06:46:55,0.001025,0.020796,6.7,47.3
113,2026-02-18T06:46:55,0.001093,0.021499,11.1,47.3
114,2026-02-18T06:46:55,0.001089,0.021237,25.0,47.4
115,2026-02-18T06:46:55,0.00082,0.020968,9.4,47.4
116,2026-02-18T06:46:55,0.000966,0.021868,12.5,47.3
117,2026-02-18T06:46:55,0.001089,0.021826,24.2,47.3
118,2026-02-18T06:46:55,0.001002,0.022639,12.5,47.3
119,2026-02-18T06:46:55,0.001147,0.021125,36.4,47.3
120,2026-02-18T06:46:55,0.000951,0.021329,23.5,47.3
121,2026-02-18T06:46:55,0.000787,0.020879,12.5,47.3
122,2026-02-18T06:46:55,0.000788,0.021125,6.2,47.3
123,2026-02-18T06:46:55,0.000789,0.021015,17.2,47.3
124,2026-02-18T06:46:55,0.001022,0.021019,5.3,47.3
125,2026-02-18T06:46:55,0.001072,0.021143,6.2,47.3
126,2026-02-18T06:46:55,0.000913,0.021115,31.2,47.3
127,2026-02-18T06:46:55,0.0009,0.021094,6.2,47.3
128,2026-02-18T06:46:55,0.000819,0.021008,12.5,47.3
129,2026-02-18T06:46:55,0.000862,0.020844,6.2,47.3
130,2026-02-18T06:46:55,0.000919,0.021874,25.0,47.4
131,2026-02-18T06:46:55,0.001066,0.021176,6.2,47.4
132,2026-02-18T06:46:55,0.00117,0.021139,6.2,47.3
133,2026-02-18T06:46:55,0.000861,0.020957,6.2,47.3
134,2026-02-18T06:46:55,0.000921,0.020543,6.2,47.3
135,2026-02-18T06:46:55,0.001026,0.02129,26.5,47.3
136,2026-02-18T06:46:55,0.001016,0.022036,64.7,47.3
137,2026-02-18T06:46:56,0.000916,0.020464,15.6,47.4
138,2026-02-18T06:46:56,0.000961,0.022328,6.2,47.3
139,2026-02-18T06:46:56,0.001032,0.023946,40.6,47.3
140,2026-02-18T06:46:56,0.000989,0.022593,58.8,47.3
141,2026-02-18T06:46:56,0.000972,0.022399,50.0,47.3
142,2026-02-18T06:46:56,0.001027,0.020929,43.8,47.3
143,2026-02-18T06:46:56,0.000963,0.021662,21.9,47.4
144,2026-02-18T06:46:56,0.000902,0.020622,12.5,47.3
145,2026-02-18T06:46:56,0.000999,0.020322,12.5,47.3
146,2026-02-18T06:46:56,0.000965,0.020607,21.2,47.3
147,2026-02-18T06:46:56,0.000845,0.021377,6.2,47.3
148,2026-02-18T06:46:56,0.001123,0.021893,12.5,47.3
149,2026-02-18T06:46:56,0.000913,0.020816,6.2,47.3
150,2026-02-18T06:46:56,0.000828,0.020433,16.1,47.3
151,2026-02-18T06:46:56,0.001052,0.020989,17.6,47.3
152,2026-02-18T06:46:56,0.000951,0.021997,11.1,47.3
153,2026-02-18T06:46:56,0.000971,0.022563,23.8,47.3
154,2026-02-18T06:46:56,0.00101,0.023593,28.1,47.4
155,2026-02-18T06:46:56,0.000954,0.021973,18.8,47.4
156,2026-02-18T06:46:56,0.000964,0.020569,22.2,47.3
157,2026-02-18T06:46:56,0.001137,0.020081,9.5,47.3
158,2026-02-18T06:46:56,0.000858,0.021246,12.5,47.3
159,2026-02-18T06:46:56,0.000915,0.021024,18.2,47.4
160,2026-02-18T06:46:56,0.001042,0.020976,18.8,47.4
161,2026-02-18T06:46:56,0.000925,0.023104,18.8,47.3
162,2026-02-18T06:46:56,0.000948,0.022766,25.0,47.4
163,2026-02-18T06:46:56,0.00093,0.022111,42.4,47.3
164,2026-02-18T06:46:56,0.001036,0.021193,25.0,47.4
165,2026-02-18T06:46:56,0.00098,0.020613,25.0,47.3
166,2026-02-18T06:46:56,0.000807,0.021298,31.2,47.3
167,2026-02-18T06:46:56,0.000824,0.021329,23.5,47.3
168,2026-02-18T06:46:56,0.000956,0.02182,6.5,47.3
169,2026-02-18T06:46:56,0.001009,0.022164,25.0,47.3
170,2026-02-18T06:46:56,0.000869,0.021671,9.4,47.3
171,2026-02-18T06:46:56,0.000919,0.021353,6.2,47.3
172,2026-02-18T06:46:56,0.00099,0.021219,15.6,47.3
173,2026-02-18T06:46:56,0.001026,0.020803,6.2,47.4
174,2026-02-18T06:46:56,0.000917,0.021499,12.5,47.3
175,2026-02-18T06:46:56,0.000863,0.020869,12.5,47.4
176,2026-02-18T06:46:56,0.000991,0.020228,18.8,47.3
177,2026-02-18T06:46:56,0.00095,0.021957,21.9,47.3
178,2026-02-18T06:46:56,0.000862,0.020539,12.5,47.3
179,2026-02-18T06:46:56,0.000982,0.020366,9.4,47.3
180,2026-02-18T06:46:56,0.000838,0.021085,18.8,47.3
181,2026-02-18T06:46:57,0.001023,0.020975,21.9,47.4
182,2026-02-18T06:46:57,0.000804,0.021068,43.8,47.3
183,2026-02-18T06:46:57,0.000887,0.021904,44.0,47.3
184,2026-02-18T06:46:57,0.001,0.021527,17.4,47.3
185,2026-02-18T06:46:57,0.000894,0.022428,18.8,47.3
186,2026-02-18T06:46:57,0.001021,0.022327,18.8,47.4
187,2026-02-18T06:46:57,0.000986,0.020737,12.5,47.4
188,2026-02-18T06:46:57,0.000988,0.020957,6.2,47.3
189,2026-02-18T06:46:57,0.000849,0.02099,6.2,47.3
190,2026-02-18T06:46:57,0.000947,0.021141,28.6,47.3
191,2026-02-18T06:46:57,0.000881,0.020158,6.2,47.3
192,2026-02-18T06:46:57,0.000935,0.020417,12.5,47.3
193,2026-02-18T06:46:57,0.000914,0.021152,53.1,47.3
194,2026-02-18T06:46:57,0.000896,0.02147,47.1,47.3
195,2026-02-18T06:46:57,0.001037,0.021754,18.8,47.3
196,2026-02-18T06:46:57,0.000975,0.021358,18.8,47.3
197,2026-02-18T06:46:57,0.000857,0.021859,25.0,47.3
198,2026-02-18T06:46:57,0.000992,0.021747,18.8,47.3
199,2026-02-18T06:46:57,0.000989,0.021704,53.1,47.3
200,2026-02-18T06:46:57,0.001003,0.022361,6.2,47.3
201,2026-02-18T06:46:57,0.001032,0.020648,12.5,47.3
202,2026-02-18T06:46:57,0.00096,0.021235,58.8,47.3
203,2026-02-18T06:46:57,0.000906,0.02117,6.2,47.3
204,2026-02-18T06:46:57,0.001132,0.021333,6.2,47.3
205,2026-02-18T06:46:57,0.001127,0.021592,18.8,47.4
206,2026-02-18T06:46:57,0.000936,0.022178,21.9,47.4
207,2026-02-18T06:46:57,0.001075,0.023249,39.1,47.4
208,2026-02-18T06:46:57,0.001083,0.023017,19.2,47.4
209,2026-02-18T06:46:57,0.0011,0.022244,34.4,47.4
210,2026-02-18T06:46:57,0.001061,0.022228,37.5,47.3
211,2026-02-18T06:46:57,0.000922,0.020431,35.0,47.3
212,2026-02-18T06:46:57,0.001121,0.020581,6.9,47.4
213,2026-02-18T06:46:57,0.000881,0.020522,6.2,47.3
214,2026-02-18T06:46:57,0.001144,0.02182,9.4,47.3
215,2026-02-18T06:46:57,0.000914,0.020793,6.2,47.3
216,2026-02-18T06:46:57,0.000994,0.020614,18.8,47.3
217,2026-02-18T06:46:57,0.001038,0.020823,6.2,47.4
218,2026-02-18T06:46:57,0.000879,0.020563,18.8,47.3
219,2026-02-18T06:46:57,0.000926,0.021727,15.6,47.4
220,2026-02-18T06:46:57,0.000913,0.020958,6.2,47.4
221,2026-02-18T06:46:57,0.000925,0.021375,27.3,47.3
222,2026-02-18T06:46:57,0.000964,0.021097,29.4,47.3
223,2026-02-18T06:46:57,0.000936,0.021367,6.2,47.3
224,2026-02-18T06:46:57,0.000916,0.020996,6.2,47.4
225,2026-02-18T06:46:58,0.001038,0.021765,12.0,47.4
226,2026-02-18T06:46:58,0.001,0.022214,4.3,47.3
227,2026-02-18T06:46:58,0.001029,0.023144,15.6,47.3
228,2026-02-18T06:46:58,0.001065,0.023371,12.5,47.3
229,2026-02-18T06:46:58,0.000923,0.021725,21.2,47.4
230,2026-02-18T06:46:58,0.001137,0.021737,12.5,47.4
231,2026-02-18T06:46:58,0.001118,0.022624,23.5,47.4
232,2026-02-18T06:46:58,0.001041,0.020593,100.0,47.4
233,2026-02-18T06:46:58,0.000846,0.020121,6.2,47.3
234,2026-02-18T06:46:58,0.001098,0.024754,33.3,47.4
235,2026-02-18T06:46:58,0.000903,0.023108,12.1,47.3
236,2026-02-18T06:46:58,0.000946,0.022164,6.2,47.3
237,2026-02-18T06:46:58,0.000945,0.020116,9.4,47.3
238,2026-02-18T06:46:58,0.001086,0.020264,17.6,47.4
239,2026-02-18T06:46:58,0.000866,0.022118,6.2,47.3
240,2026-02-18T06:46:58,0.000951,0.020547,6.2,47.3
241,2026-02-18T06:46:58,0.000944,0.023107,11.8,47.3
242,2026-02-18T06:46:58,0.000984,0.021308,54.5,47.4
243,2026-02-18T06:46:58,0.001156,0.021151,6.2,47.4
244,2026-02-18T06:46:58,0.000855,0.021299,9.4,47.2
245,2026-02-18T06:46:58,0.00108,0.021618,12.5,47.2
246,2026-02-18T06:46:58,0.00093,0.021787,18.8,47.2
247,2026-02-18T06:46:58,0.000925,0.021633,12.5,47.2
248,2026-02-18T06:46:58,0.000948,0.020936,18.8,47.2
249,2026-02-18T06:46:58,0.001298,0.021499,18.8,47.2
250,2026-02-18T06:46:58,0.00103,0.026997,37.5,47.2
251,2026-02-18T06:46:58,0.000962,0.022023,18.8,47.2
252,2026-02-18T06:46:58,0.001019,0.023237,28.1,47.2
253,2026-02-18T06:46:58,0.001169,0.022692,20.0,47.2
254,2026-02-18T06:46:58,0.000946,0.021844,7.1,47.2
255,2026-02-18T06:46:58,0.000921,0.021239,12.5,47.2
256,2026-02-18T06:46:58,0.00106,0.020109,55.9,47.2
257,2026-02-18T06:46:58,0.000911,0.021092,12.5,47.2
258,2026-02-18T06:46:58,0.000978,0.02222,15.6,47.2
259,2026-02-18T06:46:58,0.001141,0.020884,12.5,47.2
260,2026-02-18T06:46:58,0.000946,0.021314,23.5,47.2
261,2026-02-18T06:46:58,0.000968,0.020511,6.2,47.2
262,2026-02-18T06:46:58,0.001125,0.020943,12.5,47.2
263,2026-02-18T06:46:58,0.001014,0.021617,24.2,47.2
264,2026-02-18T06:46:58,0.000904,0.020957,6.2,47.2
265,2026-02-18T06:46:58,0.001012,0.022129,15.6,47.2
266,2026-02-18T06:46:58,0.001099,0.020318,6.2,47.2
267,2026-02-18T06:46:58,0.00088,0.021951,6.2,47.2
268,2026-02-18T06:46:58,0.000944,0.022241,25.0,47.2
269,2026-02-18T06:46:59,0.000941,0.024534,9.4,47.2
270,2026-02-18T06:46:59,0.000835,0.020749,6.2,47.2
271,2026-02-18T06:46:59,0.001138,0.023567,15.6,47.2
272,2026-02-18T06:46:59,0.000942,0.022408,12.5,47.2
273,2026-02-18T06:46:59,0.001123,0.020819,18.8,47.2
274,2026-02-18T06:46:59,0.000906,0.021403,18.8,47.2
275,2026-02-18T06:46:59,0.000862,0.020979,12.5,47.2
276,2026-02-18T06:46:59,0.000954,0.020828,6.2,47.2
277,2026-02-18T06:46:59,0.000852,0.021363,9.5,47.2
278,2026-02-18T06:46:59,0.000928,0.020563,10.7,47.2
279,2026-02-18T06:46:59,0.000978,0.020625,6.2,47.2
280,2026-02-18T06:46:59,0.001027,0.020264,9.4,47.2
281,2026-02-18T06:46:59,0.00106,0.021008,6.2,47.2
282,2026-02-18T06:46:59,0.001008,0.020342,31.8,47.2
283,2026-02-18T06:46:59,0.000904,0.022888,22.2,47.2
284,2026-02-18T06:46:59,0.000877,0.02147,16.7,47.2
285,2026-02-18T06:46:59,0.000868,0.021907,29.2,47.2
286,2026-02-18T06:46:59,0.001068,0.021824,18.8,47.2
287,2026-02-18T06:46:59,0.000957,0.021852,18.8,47.2
288,2026-02-18T06:46:59,0.001003,0.021289,12.5,47.3
289,2026-02-18T06:46:59,0.000861,0.020916,6.2,47.2
290,2026-02-18T06:46:59,0.000965,0.022643,6.2,47.2
291,2026-02-18T06:46:59,0.000928,0.020538,6.2,47.2
292,2026-02-18T06:46:59,0.000932,0.02099,6.2,47.2
293,2026-02-18T06:46:59,0.000937,0.021676,15.6,47.2
294,2026-02-18T06:46:59,0.001032,0.023152,25.0,47.2
295,2026-02-18T06:46:59,0.000922,0.02158,18.8,47.2
296,2026-02-18T06:46:59,0.001525,0.021828,18.8,47.2
297,2026-02-18T06:46:59,0.00088,0.020778,12.9,47.2
298,2026-02-18T06:46:59,0.001191,0.021293,5.9,47.2
299,2026-02-18T06:46:59,0.000891,0.02088,6.2,47.2
300,2026-02-18T06:46:59,0.000867,0.020806,15.6,47.2
1,2026-02-18T07:04:50,0.000967,0.025355,25.9,49.7
2,2026-02-18T07:04:50,0.001193,0.022505,21.9,49.7
3,2026-02-18T07:04:50,0.001236,0.022227,23.5,49.6
4,2026-02-18T07:04:50,0.001034,0.02208,15.6,49.6
5,2026-02-18T07:04:50,0.00108,0.021918,17.6,49.6
6,2026-02-18T07:04:50,0.001089,0.021999,30.3,49.6
7,2026-02-18T07:04:50,0.001044,0.021304,6.2,49.7
8,2026-02-18T07:04:50,0.000988,0.020915,24.1,49.6
9,2026-02-18T07:04:50,0.000948,0.021691,15.0,49.6
10,2026-02-18T07:04:50,0.000997,0.022574,10.7,49.6
11,2026-02-18T07:04:50,0.00098,0.021601,5.0,49.6
12,2026-02-18T07:04:50,0.001066,0.020357,6.2,49.6
13,2026-02-18T07:04:50,0.001291,0.020713,53.1,49.7
14,2026-02-18T07:04:50,0.000889,0.020297,6.2,49.6
15,2026-02-18T07:04:50,0.000903,0.021208,12.5,49.6
16,2026-02-18T07:04:50,0.001021,0.020481,6.2,49.6
17,2026-02-18T07:04:50,0.000897,0.021005,6.2,49.6
18,2026-02-18T07:04:51,0.001084,0.02155,25.0,49.7
19,2026-02-18T07:04:51,0.001068,0.021325,18.8,49.6
20,2026-02-18T07:04:51,0.000995,0.021215,15.6,49.6
21,2026-02-18T07:04:51,0.000945,0.021687,18.8,49.6
22,2026-02-18T07:04:51,0.001049,0.022456,15.6,49.6
23,2026-02-18T07:04:51,0.00142,0.023103,25.0,49.7
24,2026-02-18T07:04:51,0.001085,0.023448,46.9,49.6
25,2026-02-18T07:04:51,0.001013,0.021252,25.0,49.7
26,2026-02-18T07:04:51,0.000959,0.021231,57.6,49.7
27,2026-02-18T07:04:51,0.00097,0.021499,6.2,49.6
28,2026-02-18T07:04:51,0.00089,0.020768,29.4,49.6
29,2026-02-18T07:04:51,0.001102,0.021106,6.2,49.6
30,2026-02-18T07:04:51,0.000986,0.020937,9.4,49.7
31,2026-02-18T07:04:51,0.00096,0.020749,6.2,49.7
32,2026-02-18T07:04:51,0.001154,0.021192,12.5,49.7
33,2026-02-18T07:04:51,0.000864,0.021862,18.8,49.6
34,2026-02-18T07:04:51,0.000915,0.020744,6.2,49.6
35,2026-02-18T07:04:51,0.00086,0.020341,12.5,49.6
36,2026-02-18T07:04:51,0.000849,0.021467,12.5,49.6
37,2026-02-18T07:04:51,0.00118,0.0206,6.2,49.7
38,2026-02-18T07:04:51,0.000874,0.021212,6.2,49.6
39,2026-02-18T07:04:51,0.000861,0.021328,6.2,49.6
40,2026-02-18T07:04:51,0.000863,0.020401,18.8,49.6
41,2026-02-18T07:04:51,0.00101,0.020578,6.2,49.6
42,2026-02-18T07:04:51,0.000972,0.02195,15.6,49.6
43,2026-02-18T07:04:51,0.001134,0.020884,6.2,49.7
44,2026-02-18T07:04:51,0.00111,0.022268,15.6,49.6
45,2026-02-18T07:04:51,0.001017,0.023236,18.8,49.6
46,2026-02-18T07:04:51,0.001221,0.021712,18.8,49.6
47,2026-02-18T07:04:51,0.001179,0.021691,18.8,49.7
48,2026-02-18T07:04:51,0.001087,0.021974,39.4,49.6
49,2026-02-18T07:04:51,0.000987,0.022028,25.0,49.6
50,2026-02-18T07:04:51,0.001114,0.022201,31.2,49.7
51,2026-02-18T07:04:51,0.001061,0.020773,12.5,49.6
52,2026-02-18T07:04:51,0.001075,0.022301,18.8,49.6
53,2026-02-18T07:04:51,0.001121,0.022385,12.5,49.6
54,2026-02-18T07:04:51,0.001002,0.020536,12.5,49.6
55,2026-02-18T07:04:51,0.000877,0.020701,37.5,49.6
56,2026-02-18T07:04:51,0.001004,0.02172,20.8,49.6
57,2026-02-18T07:04:51,0.001134,0.020735,4.0,49.6
58,2026-02-18T07:04:51,0.000988,0.021621,12.5,49.6
59,2026-02-18T07:04:51,0.000984,0.020871,15.6,49.6
60,2026-02-18T07:04:51,0.001047,0.021665,6.2,49.6
61,2026-02-18T07:04:51,0.001017,0.021485,21.9,49.6
62,2026-02-18T07:04:52,0.000914,0.020743,6.2,49.6
63,2026-02-18T07:04:52,0.001046,0.021564,25.0,49.6
64,2026-02-18T07:04:52,0.000927,0.022069,12.5,49.6
65,2026-02-18T07:04:52,0.001013,0.020683,32.1,49.6
66,2026-02-18T07:04:52,0.000862,0.021829,10.0,49.6
67,2026-02-18T07:04:52,0.001138,0.024543,21.9,49.6
68,2026-02-18T07:04:52,0.001047,0.025499,31.2,49.7
69,2026-02-18T07:04:52,0.001382,0.02528,78.1,49.7
70,2026-02-18T07:04:52,0.001086,0.02251,27.3,49.7
71,2026-02-18T07:04:52,0.000984,0.020929,6.2,49.6
72,2026-02-18T07:04:52,0.000874,0.020922,25.9,49.6
73,2026-02-18T07:04:52,0.000911,0.020496,4.5,49.7
74,2026-02-18T07:04:52,0.001073,0.02193,12.5,49.7
75,2026-02-18T07:04:52,0.000944,0.020865,15.6,49.7
76,2026-02-18T07:04:52,0.000952,0.020653,6.2,49.7
77,2026-02-18T07:04:52,0.000937,0.020927,15.6,49.6
78,2026-02-18T07:04:52,0.000959,0.020629,6.2,49.6
79,2026-02-18T07:04:52,0.000927,0.021083,12.5,49.7
80,2026-02-18T07:04:52,0.001098,0.021181,12.5,49.7
81,2026-02-18T07:04:52,0.000859,0.020454,6.2,49.7
82,2026-02-18T07:04:52,0.000872,0.020171,18.2,49.7
83,2026-02-18T07:04:52,0.000903,0.020268,12.5,49.6
84,2026-02-18T07:04:52,0.001024,0.020625,12.5,49.6
85,2026-02-18T07:04:52,0.00104,0.021779,15.6,49.7
86,2026-02-18T07:04:52,0.000932,0.021668,6.2,49.7
87,2026-02-18T07:04:52,0.001286,0.021682,59.4,49.7
88,2026-02-18T07:04:52,0.001043,0.021411,41.2,49.7
89,2026-02-18T07:04:52,0.001055,0.021049,18.8,49.7
90,2026-02-18T07:04:52,0.00101,0.021814,25.0,49.6
91,2026-02-18T07:04:52,0.000968,0.02174,45.5,49.6
92,2026-02-18T07:04:52,0.001399,0.024092,75.0,49.7
93,2026-02-18T07:04:52,0.001004,0.020969,31.2,49.7
94,2026-02-18T07:04:52,0.00118,0.021875,12.5,49.7
95,2026-02-18T07:04:52,0.000999,0.021331,24.2,49.7
96,2026-02-18T07:04:52,0.001024,0.020935,6.2,49.7
97,2026-02-18T07:04:52,0.000878,0.020489,22.6,49.7
98,2026-02-18T07:04:52,0.000895,0.021028,11.8,49.7
99,2026-02-18T07:04:52,0.000878,0.021362,12.5,49.7
100,2026-02-18T07:04:52,0.001042,0.021673,71.9,49.7
101,2026-02-18T07:04:52,0.000995,0.021146,6.2,49.7
102,2026-02-18T07:04:52,0.000964,0.020866,28.1,49.7
103,2026-02-18T07:04:52,0.00104,0.021198,18.8,49.7
104,2026-02-18T07:04:52,0.001011,0.020172,27.3,49.7
105,2026-02-18T07:04:52,0.000867,0.021494,23.5,49.7
106,2026-02-18T07:04:53,0.000844,0.020263,18.8,49.7
107,2026-02-18T07:04:53,0.001106,0.020925,72.7,49.7
108,2026-02-18T07:04:53,0.000867,0.020916,6.2,49.6
109,2026-02-18T07:04:53,0.000906,0.02062,9.4,49.6
110,2026-02-18T07:04:53,0.000992,0.020915,6.2,49.6
111,2026-02-18T07:04:53,0.000976,0.020413,6.2,49.7
112,2026-02-18T07:04:53,0.001145,0.022471,6.2,49.7
113,2026-02-18T07:04:53,0.000996,0.022037,16.7,49.7
114,2026-02-18T07:04:53,0.000994,0.022745,8.3,49.7
115,2026-02-18T07:04:53,0.001032,0.021612,37.0,49.7
116,2026-02-18T07:04:53,0.000962,0.022914,13.6,49.6
117,2026-02-18T07:04:53,0.00137,0.025207,55.9,49.6
118,2026-02-18T07:04:53,0.001019,0.020606,23.5,49.6
119,2026-02-18T07:04:53,0.000926,0.020604,6.2,49.7
120,2026-02-18T07:04:53,0.001055,0.020886,6.2,49.7
121,2026-02-18T07:04:53,0.001083,0.020872,52.6,49.7
122,2026-02-18T07:04:53,0.000873,0.020609,15.6,49.6
123,2026-02-18T07:04:53,0.000904,0.021268,6.2,49.6
124,2026-02-18T07:04:53,0.000909,0.020377,12.5,49.6
125,2026-02-18T07:04:53,0.001012,0.020736,6.2,49.6
126,2026-02-18T07:04:53,0.000999,0.021226,13.6,49.7
127,2026-02-18T07:04:53,0.001033,0.020166,7.7,49.7
128,2026-02-18T07:04:53,0.000895,0.021135,6.2,49.7
129,2026-02-18T07:04:53,0.001019,0.020617,9.4,49.6
130,2026-02-18T07:04:53,0.001118,0.02084,17.6,49.6
131,2026-02-18T07:04:53,0.000916,0.020249,14.3,49.6
132,2026-02-18T07:04:53,0.000904,0.021367,5.0,49.6
133,2026-02-18T07:04:53,0.001096,0.020768,6.2,49.7
134,2026-02-18T07:04:53,0.000956,0.021397,9.1,49.7
135,2026-02-18T07:04:53,0.001229,0.022857,12.5,49.6
136,2026-02-18T07:04:53,0.00098,0.022858,59.4,49.7
137,2026-02-18T07:04:53,0.001142,0.022733,34.5,49.7
138,2026-02-18T07:04:53,0.001098,0.026488,26.3,49.7
139,2026-02-18T07:04:53,0.001021,0.021006,12.5,49.7
140,2026-02-18T07:04:53,0.001036,0.020367,6.2,49.7
141,2026-02-18T07:04:53,0.001026,0.020836,10.3,49.7
142,2026-02-18T07:04:53,0.000867,0.020771,5.3,49.7
143,2026-02-18T07:04:53,0.001091,0.021723,6.2,49.6
144,2026-02-18T07:04:53,0.000962,0.020961,12.1,49.6
145,2026-02-18T07:04:53,0.000912,0.022389,12.5,49.7
146,2026-02-18T07:04:53,0.001245,0.021942,25.0,49.7
147,2026-02-18T07:04:53,0.000939,0.02118,6.2,49.7
148,2026-02-18T07:04:53,0.001065,0.020677,15.2,49.7
149,2026-02-18T07:04:53,0.000855,0.021162,29.4,49.7
150,2026-02-18T07:04:54,0.001075,0.021223,12.5,49.7
151,2026-02-18T07:04:54,0.000941,0.021926,6.2,49.7
152,2026-02-18T07:04:54,0.001013,0.02173,24.1,49.7
153,2026-02-18T07:04:54,0.00106,0.021391,10.5,49.6
154,2026-02-18T07:04:54,0.001028,0.02194,18.5,49.7
155,2026-02-18T07:04:54,0.000932,0.020869,4.8,49.7
156,2026-02-18T07:04:54,0.001061,0.02315,14.3,49.7
157,2026-02-18T07:04:54,0.000921,0.021514,15.0,49.7
158,2026-02-18T07:04:54,0.001259,0.022038,19.0,49.7
159,2026-02-18T07:04:54,0.00098,0.021003,11.1,49.7
160,2026-02-18T07:04:54,0.000987,0.022789,25.0,49.7
161,2026-02-18T07:04:54,0.000967,0.020981,21.9,49.7
162,2026-02-18T07:04:54,0.000948,0.021406,12.5,49.7
163,2026-02-18T07:04:54,0.000984,0.020752,9.4,49.7
164,2026-02-18T07:04:54,0.000914,0.020078,6.2,49.7
165,2026-02-18T07:04:54,0.001067,0.020729,14.3,49.7
166,2026-02-18T07:04:54,0.000922,0.02096,14.3,49.7
167,2026-02-18T07:04:54,0.001094,0.021069,6.2,49.7
168,2026-02-18T07:04:54,0.000931,0.02114,6.2,49.7
169,2026-02-18T07:04:54,0.000886,0.020361,6.2,49.7
170,2026-02-18T07:04:54,0.00092,0.020149,9.7,49.7
171,2026-02-18T07:04:54,0.00088,0.020958,17.6,49.7
172,2026-02-18T07:04:54,0.001027,0.021712,12.5,49.7
173,2026-02-18T07:04:54,0.001053,0.020452,9.1,49.7
174,2026-02-18T07:04:54,0.001054,0.02232,12.5,49.7
175,2026-02-18T07:04:54,0.000859,0.020953,6.2,49.7
176,2026-02-18T07:04:54,0.000884,0.020398,6.2,49.7
177,2026-02-18T07:04:54,0.001165,0.020944,18.8,49.7
178,2026-02-18T07:04:54,0.000895,0.021101,25.0,49.7
179,2026-02-18T07:04:54,0.001285,0.02158,15.2,49.7
180,2026-02-18T07:04:54,0.000992,0.022436,25.0,49.7
181,2026-02-18T07:04:54,0.001443,0.022427,34.4,49.7
182,2026-02-18T07:04:54,0.000945,0.021794,18.8,49.7
183,2026-02-18T07:04:54,0.00125,0.020989,20.0,49.7
184,2026-02-18T07:04:54,0.00097,0.020687,5.6,49.7
185,2026-02-18T07:04:54,0.000937,0.020889,6.2,49.7
186,2026-02-18T07:04:54,0.001023,0.020581,21.2,49.7
187,2026-02-18T07:04:54,0.000856,0.020607,6.2,49.7
188,2026-02-18T07:04:54,0.001115,0.020824,6.7,49.7
189,2026-02-18T07:04:54,0.000918,0.020797,5.6,49.7
190,2026-02-18T07:04:54,0.000906,0.021972,41.4,49.7
191,2026-02-18T07:04:54,0.000921,0.020958,14.3,49.7
192,2026-02-18T07:04:54,0.001105,0.021262,12.5,49.7
193,2026-02-18T07:04:54,0.001035,0.020893,21.9,49.7
194,2026-02-18T07:04:55,0.000847,0.020225,23.5,49.7
195,2026-02-18T07:04:55,0.000953,0.02136,24.2,49.7
196,2026-02-18T07:04:55,0.000965,0.020969,12.5,49.7
197,2026-02-18T07:04:55,0.000975,0.021729,23.8,49.6
198,2026-02-18T07:04:55,0.001004,0.021436,7.1,49.7
199,2026-02-18T07:04:55,0.000918,0.020557,6.2,49.7
200,2026-02-18T07:04:55,0.001018,0.021997,15.6,49.7
201,2026-02-18T07:04:55,0.001036,0.021819,18.8,49.7
202,2026-02-18T07:04:55,0.000962,0.020938,15.6,49.7
203,2026-02-18T07:04:55,0.000987,0.022331,12.5,49.7
204,2026-02-18T07:04:55,0.001378,0.022397,21.9,49.7
205,2026-02-18T07:04:55,0.000939,0.02226,29.4,49.7
206,2026-02-18T07:04:55,0.00109,0.021915,15.2,49.7
207,2026-02-18T07:04:55,0.000912,0.020426,6.2,49.7
208,2026-02-18T07:04:55,0.001195,0.02083,21.2,49.7
209,2026-02-18T07:04:55,0.001094,0.021038,6.2,49.7
210,2026-02-18T07:04:55,0.000929,0.020432,6.2,49.7
211,2026-02-18T07:04:55,0.000922,0.020311,18.8,49.7
212,2026-02-18T07:04:55,0.000868,0.020587,6.2,49.7
213,2026-02-18T07:04:55,0.001327,0.021456,27.3,49.6
214,2026-02-18T07:04:55,0.001022,0.021955,12.5,49.7
215,2026-02-18T07:04:55,0.001108,0.020343,21.2,49.7
216,2026-02-18T07:04:55,0.000944,0.021658,12.5,49.7
217,2026-02-18T07:04:55,0.000991,0.020059,23.5,49.7
218,2026-02-18T07:04:55,0.000839,0.020543,24.2,49.7
219,2026-02-18T07:04:55,0.00089,0.020446,6.2,49.6
220,2026-02-18T07:04:55,0.000959,0.021936,18.2,49.7
221,2026-02-18T07:04:55,0.001026,0.020249,6.2,49.7
222,2026-02-18T07:04:55,0.00105,0.022248,28.1,49.7
223,2026-02-18T07:04:55,0.001028,0.021007,12.5,49.7
224,2026-02-18T07:04:55,0.00114,0.021385,34.8,49.7
225,2026-02-18T07:04:55,0.001051,0.022766,16.0,49.7
226,2026-02-18T07:04:55,0.001084,0.023965,40.6,49.7
227,2026-02-18T07:04:55,0.001022,0.02245,50.0,49.7
228,2026-02-18T07:04:55,0.001027,0.021347,30.3,49.7
229,2026-02-18T07:04:55,0.000985,0.020582,25.0,49.7
230,2026-02-18T07:04:55,0.001104,0.020503,6.2,49.7
231,2026-02-18T07:04:55,0.00086,0.02238,68.8,49.7
232,2026-02-18T07:04:55,0.000911,0.020606,31.2,49.7
233,2026-02-18T07:04:55,0.000983,0.021823,31.2,49.7
234,2026-02-18T07:04:55,0.001112,0.021751,37.5,49.7
235,2026-02-18T07:04:55,0.000889,0.021903,50.0,49.7
236,2026-02-18T07:04:55,0.000909,0.020759,12.5,49.7
237,2026-02-18T07:04:55,0.001027,0.021652,57.1,49.7
238,2026-02-18T07:04:56,0.000955,0.021037,31.2,49.7
239,2026-02-18T07:04:56,0.00085,0.021111,33.3,49.7
240,2026-02-18T07:04:56,0.001054,0.021353,15.8,49.7
241,2026-02-18T07:04:56,0.001117,0.020628,100.0,49.7
242,2026-02-18T07:04:56,0.001079,0.02216,31.2,49.7
243,2026-02-18T07:04:56,0.000943,0.02072,35.3,49.7
244,2026-02-18T07:04:56,0.000898,0.021011,18.8,49.7
245,2026-02-18T07:04:56,0.000925,0.020603,18.8,49.7
246,2026-02-18T07:04:56,0.001024,0.021474,31.2,49.7
247,2026-02-18T07:04:56,0.001003,0.02193,56.2,49.7
248,2026-02-18T07:04:56,0.001139,0.023911,34.4,49.7
249,2026-02-18T07:04:56,0.001019,0.022755,25.0,49.7
250,2026-02-18T07:04:56,0.000948,0.020628,27.3,49.7
251,2026-02-18T07:04:56,0.000996,0.021541,12.5,49.7
252,2026-02-18T07:04:56,0.000945,0.020801,24.2,49.7
253,2026-02-18T07:04:56,0.00107,0.021764,6.2,49.7
254,2026-02-18T07:04:56,0.000905,0.02189,17.4,49.7
255,2026-02-18T07:04:56,0.001129,0.022782,12.0,49.7
256,2026-02-18T07:04:56,0.000862,0.021604,9.1,49.7
257,2026-02-18T07:04:56,0.000884,0.020349,14.8,49.7
258,2026-02-18T07:04:56,0.000879,0.021259,6.2,49.7
259,2026-02-18T07:04:56,0.000976,0.022304,24.2,49.7
260,2026-02-18T07:04:56,0.001026,0.020967,12.5,49.7
261,2026-02-18T07:04:56,0.001096,0.024843,78.1,49.7
262,2026-02-18T07:04:56,0.001447,0.021294,17.6,49.7
263,2026-02-18T07:04:56,0.000971,0.02071,43.8,49.7
264,2026-02-18T07:04:56,0.000966,0.020382,12.5,49.6
265,2026-02-18T07:04:56,0.000968,0.021739,18.8,49.7
266,2026-02-18T07:04:56,0.001072,0.021175,18.8,49.7
267,2026-02-18T07:04:56,0.000934,0.020434,43.8,49.7
268,2026-02-18T07:04:56,0.001005,0.021126,47.1,49.7
269,2026-02-18T07:04:56,0.001086,0.025451,59.4,49.7
270,2026-02-18T07:04:56,0.001205,0.022881,50.0,49.7
271,2026-02-18T07:04:56,0.001197,0.022742,47.1,49.7
272,2026-02-18T07:04:56,0.001091,0.021383,12.5,49.7
273,2026-02-18T07:04:56,0.001041,0.021436,64.7,49.7
274,2026-02-18T07:04:56,0.000899,0.020915,6.2,49.7
275,2026-02-18T07:04:56,0.00105,0.021668,12.5,49.7
276,2026-02-18T07:04:56,0.000962,0.021512,6.2,49.7
277,2026-02-18T07:04:56,0.001061,0.021739,32.3,49.7
278,2026-02-18T07:04:56,0.000882,0.020623,17.6,49.7
279,2026-02-18T07:04:56,0.00092,0.021082,18.8,49.7
280,2026-02-18T07:04:56,0.001076,0.020833,43.8,49.7
281,2026-02-18T07:04:56,0.001162,0.020536,25.0,49.7
282,2026-02-18T07:04:57,0.000878,0.020708,31.2,49.7
283,2026-02-18T07:04:57,0.001072,0.020597,23.5,49.7
284,2026-02-18T07:04:57,0.000871,0.020858,29.4,49.6
285,2026-02-18T07:04:57,0.000984,0.020607,67.6,49.6
286,2026-02-18T07:04:57,0.000995,0.021247,12.5,49.7
287,2026-02-18T07:04:57,0.001022,0.021105,27.3,49.7
288,2026-02-18T07:04:57,0.000924,0.020455,6.2,49.7
289,2026-02-18T07:04:57,0.001044,0.021221,26.9,49.7
290,2026-02-18T07:04:57,0.000867,0.021117,9.1,49.6
291,2026-02-18T07:04:57,0.000855,0.021085,18.8,49.7
292,2026-02-18T07:04:57,0.001005,0.021715,63.6,49.7
293,2026-02-18T07:04:57,0.001084,0.021375,12.5,49.7
294,2026-02-18T07:04:57,0.001067,0.021904,21.2,49.6
295,2026-02-18T07:04:57,0.000987,0.021125,37.5,49.6
296,2026-02-18T07:04:57,0.001084,0.020708,37.5,49.7
297,2026-02-18T07:04:57,0.001031,0.020904,12.5,49.7
298,2026-02-18T07:04:57,0.001004,0.020096,43.8,49.7
299,2026-02-18T07:04:57,0.001058,0.020216,6.2,49.7
300,2026-02-18T07:04:57,0.000868,0.020576,37.5,49.7
